trans_id,ret,provider,name,permission_id,owner_address,contract_address,call_value,data,call_token_value,token_id
d7b6d775865e3754b0dd24c38f916fd7c5fdc38847c4f04b3682a00408d0c53c,10,,,,TPqZ5QDon3bnJEwJKAADMoMdmcHwZGns1J,,0,79c33e4b00000000000000000000000085e6fedd6b6fcc5fce368d9272f7f55999fff217,0,1002968
9728df0754ef32a2f7f496b6dab3c37ee120155bea3bea00088fa8c97d5d7761,2,,,,TKU6ayp3JuXBNgSX2NJCsJ1hoGghU6fWSr,,0,a9059cbb000000000000000000000000640bfffba517453a2fe44f36f783a78a98c5acf500000000000000000000000000000000000000000000000000000000004c4b40,0,1002968
16b9f2c9ebf4c81afe4a6e0740bb3ec7a2d9ab670cab7c52abda5f2f1add837d,10,,,,TT7YUg6AD1qhTihVfg3ozHoTNr8UMoQbBM,,1,41289ed9faf0560b097f4ff5f6d7d92d1571d717f7,0,1000259
1f0af8e982830178baa44241afcc7bc4e444f6b6ab83bd7628e8132c8fce49de,2,,,,TKU6ayp3JuXBNgSX2NJCsJ1hoGghU6fWSr,,0,a9059cbb000000000000000000000000640bfffba517453a2fe44f36f783a78a98c5acf500000000000000000000000000000000000000000000000000000000004c4b40,0,1002968
5163805753184adc45ccb4cb55b103deaf8c89abc9858c64c7f11b9f9cd5a97d,2,,,,TRxosWSUkZC9TqjJbbY88Ykdry9VwytJna,,0,a9059cbb000000000000000000000000c69382919c5a1bedccf75efc8a3625f81e9f7e9700000000000000000000000000000000000000000000000000000000000f4240,0,1000259
de1b533241e800ebcffa7a099b916e6b718a30875ff791418256dea8008b5450,10,,,,TPqZ5QDon3bnJEwJKAADMoMdmcHwZGns1J,,0,79c33e4b00000000000000000000000085e6fedd6b6fcc5fce368d9272f7f55999fff217,0,1002968
,,,,,,,,,,
67398cc214e8e58aef3901e98329935680d52b1d5b464420d8de8a42c6e7ac3f,10,,,,TPqZ5QDon3bnJEwJKAADMoMdmcHwZGns1J,,0,79c33e4b00000000000000000000000085e6fedd6b6fcc5fce368d9272f7f55999fff217,0,1002968
87ce459d18522f834fcf406038845252fbc96bbbd83f9d8b5bb54dac3da640b5,10,,,,TPqZ5QDon3bnJEwJKAADMoMdmcHwZGns1J,,0,79c33e4b00000000000000000000000085e6fedd6b6fcc5fce368d9272f7f55999fff217,0,1002968
8cd79bb35494d05957964b55c0770ce5120b5af5baa5f90c8d7d4ed55de1e896,10,,,,TPqZ5QDon3bnJEwJKAADMoMdmcHwZGns1J,,0,79c33e4b00000000000000000000000085e6fedd6b6fcc5fce368d9272f7f55999fff217,0,1002968
7cc59aa84b60aa29d50e2a2906effecfdd8f8cfa9a4fd87d73cab56d9026ad8b,10,,,,TNBDbReUfwDsamyi51pHDCyAVPcT2RHnSW,,50000000,f088d5470000000000000000000000009a3d2eb572168898f0c1c52cf264bf3a8b27d879,0,1002968
9432b64d26db351726fe54701ee3d2af729978a4bfbe31ae63b377c10475e7fc,10,,,,TPqZ5QDon3bnJEwJKAADMoMdmcHwZGns1J,,0,79c33e4b00000000000000000000000085e6fedd6b6fcc5fce368d9272f7f55999fff217,0,1002968
27540f53c1b8efb0b11006c248fc52aec7bfa624ef167082d1afc20fda9cc2f8,10,,,,TNBDbReUfwDsamyi51pHDCyAVPcT2RHnSW,,50000000,f088d5470000000000000000000000009a3d2eb572168898f0c1c52cf264bf3a8b27d879,0,1002968
